{
  "schematic_folder": "C:/Repos/PartCatalog/catalog/partcatalog/docs",
  "owner_default_name": "Nolan Manteufel",
  "file_name_prefix": "NM",
  "number_width": 3,
  "last_file_counters": {
    "NM": 16
  },
  "stats": {
    "files_total": 17,
    "lines_total": 5879,
    "last_saved_path": "C:\\Repos\\PartCatalog\\catalog\\partcatalog\\002\\NM016.md",
    "last_updated": "2025-10-03T19:07:03"
  },
  "git_remote_url": "git@github.com:miniPCB/PartCatalog.git",
  "git_branch": "main",
  "auto_push_delay_seconds": 60,
  "show_debug_console": true,
  "git_enabled": true
}